days,Person_1,Person_2,Person_3,Person_4,Person_5,Person_6,Person_7,Person_8,Person_9,Person_10,Person_11,Person_12,Person_13,Person_14,Person_15,Person_16,Person_17,Person_18,Person_19,Person_20,Person_21,Person_22,Person_23,Person_24,Person_25,Person_26,Person_27,Person_28,Person_29,Person_30,Person_31,Person_32,Person_33,Person_34,Person_35,Person_36,Person_37,Person_38,Person_39,Person_40,Person_41,Person_42,Person_43,Person_44,Person_45,Person_46,Person_47,Person_48,Person_49,Person_50
2025/1/1,202,203,817,893,666,982,892,901,860,302,482,821,681,287,103,717,181,924,593,249,393,358,855,327,407,428,118,649,640,932,617,958,374,906,154,429,622,438,543,878,985,118,473,714,468,721,409,718,973,931
2025/1/2,535,951,834,348,470,787,891,292,548,355,167,672,794,957,934,899,933,363,182,979,294,234,480,799,967,643,628,552,490,504,313,764,452,376,160,508,516,537,132,613,563,694,164,661,220,469,119,126,327,869
2025/1/3,960,353,483,146,760,939,623,410,942,697,977,879,861,329,389,361,432,306,285,858,762,782,428,681,984,882,936,570,369,382,817,432,165,164,956,422,865,544,359,789,811,839,486,473,818,678,980,292,178,720
2025/1/4,370,326,663,220,530,597,885,218,934,761,983,361,327,932,532,275,656,706,351,878,579,821,578,417,729,496,522,837,858,461,166,184,178,882,619,210,483,235,333,293,827,470,594,721,645,481,660,948,707,867
2025/1/5,206,211,950,313,408,926,370,317,279,334,313,829,201,951,570,265,434,984,454,862,976,847,114,563,874,616,565,664,111,478,495,720,697,999,371,869,490,486,614,581,816,876,893,555,681,185,746,456,448,893
2025/1/6,171,609,605,338,236,826,591,526,801,444,754,382,686,218,280,756,631,833,849,614,222,521,615,901,145,558,472,323,966,297,711,130,735,287,345,188,995,124,958,998,515,211,792,187,116,886,640,161,941,319
2025/1/7,800,572,466,155,301,576,307,513,506,633,475,747,516,255,347,941,320,465,971,492,499,520,290,698,401,429,857,253,488,655,111,840,301,416,275,532,898,605,407,435,315,862,514,119,595,838,659,161,993,694
2025/1/8,120,198,243,449,535,693,638,213,765,959,843,566,315,883,727,469,734,375,795,415,798,285,267,981,967,919,862,659,436,455,336,339,761,237,727,809,787,424,838,534,179,775,893,113,596,559,576,521,345,206
2025/1/9,714,252,984,206,412,322,683,244,295,896,312,479,506,786,378,894,845,479,895,175,551,463,620,973,507,944,180,450,605,639,933,989,657,442,416,893,225,794,895,295,878,969,890,232,604,424,368,893,371,680
2025/1/10,221,960,168,930,216,471,159,637,565,880,178,461,498,564,976,153,832,842,996,698,760,706,720,571,288,268,650,246,205,528,869,462,212,204,882,811,593,779,169,954,579,779,129,907,631,621,102,732,502,708
2025/1/11,566,995,198,147,765,501,529,747,410,565,825,548,814,203,680,789,422,408,309,369,203,477,236,155,921,792,647,675,131,116,498,921,190,645,804,198,146,437,553,348,990,320,365,133,414,588,869,891,768,823
2025/1/12,314,977,495,672,902,542,756,402,361,869,727,540,803,703,962,518,950,730,915,324,854,622,253,724,929,465,523,448,173,738,506,488,240,479,761,638,817,789,538,597,646,403,427,991,168,496,115,650,215,385
2025/1/13,430,437,124,436,674,589,704,843,518,640,703,192,860,797,353,855,102,367,907,629,561,679,487,112,228,277,528,281,270,478,948,752,388,209,230,700,575,984,924,311,900,802,591,307,826,995,705,479,534,848
2025/1/14,558,805,990,125,343,714,408,980,505,312,881,720,598,894,280,606,793,884,708,212,842,990,308,539,660,754,487,736,948,779,579,767,1000,644,201,245,718,194,463,764,117,424,316,912,260,454,457,376,629,107
2025/1/15,187,921,568,903,636,372,619,687,242,562,480,852,853,601,929,440,305,163,546,350,817,821,371,117,636,461,808,278,168,605,746,398,829,453,409,793,563,644,865,769,264,536,419,298,713,387,745,705,541,905
2025/1/16,472,262,583,356,701,625,690,939,441,535,779,966,564,792,780,226,931,909,559,332,809,295,242,793,365,859,769,138,912,855,321,956,688,842,881,356,886,722,580,565,624,537,498,691,987,558,912,530,271,288
2025/1/17,199,819,664,107,174,258,126,444,415,382,157,523,790,781,924,508,139,449,571,940,495,980,710,212,217,738,303,871,461,998,255,470,510,416,391,288,948,245,243,973,301,269,990,682,817,723,938,214,115,180
2025/1/18,971,780,250,724,905,251,785,913,200,661,895,241,830,798,608,466,158,593,819,890,436,197,988,328,563,874,295,993,748,175,753,198,476,365,821,339,222,992,123,750,840,474,204,254,244,635,232,787,851,207
2025/1/19,763,260,243,966,485,719,661,900,343,706,125,390,181,274,860,370,673,622,469,813,698,704,919,270,243,139,827,102,532,330,527,146,483,793,594,970,573,330,524,320,445,656,795,689,668,390,411,220,997,420
2025/1/20,230,679,668,352,309,287,298,100,589,562,980,531,703,833,799,743,743,197,999,182,241,121,168,394,541,515,384,163,199,815,257,938,945,951,460,998,233,883,845,372,465,480,429,177,694,950,581,624,155,678
2025/1/21,761,900,138,791,574,912,486,246,111,506,546,848,786,844,665,704,606,170,591,224,416,549,346,288,299,454,295,128,757,347,515,521,251,164,437,602,718,947,944,253,547,113,759,271,484,937,994,998,690,785
2025/1/22,408,497,208,818,517,197,448,386,338,187,165,951,850,773,425,478,671,463,236,274,810,271,360,525,256,354,406,471,108,401,425,579,934,432,678,807,916,594,274,348,612,842,716,388,368,267,643,515,202,445
2025/1/23,869,376,792,402,446,230,792,753,660,143,859,923,871,520,456,172,983,669,466,168,657,482,887,178,586,242,763,622,673,825,470,678,850,612,109,908,940,137,943,378,418,768,146,644,553,720,404,262,383,962
2025/1/24,443,915,141,738,628,904,635,152,141,560,353,788,464,233,924,347,942,901,283,146,899,233,178,757,959,851,113,196,796,314,443,161,726,232,148,776,661,524,424,539,316,599,698,911,798,527,368,886,804,427
2025/1/25,591,603,285,155,739,270,927,403,777,377,998,752,262,490,749,959,221,862,687,983,626,525,757,281,233,839,936,969,128,257,361,208,418,691,586,918,948,746,968,915,133,745,920,887,617,801,513,787,616,654
2025/1/26,513,995,497,825,975,282,477,168,693,782,143,800,147,835,779,884,578,375,386,355,655,124,722,598,247,952,245,541,992,168,382,778,468,882,722,370,706,945,770,375,970,490,740,978,964,589,124,436,717,798
2025/1/27,905,491,322,625,862,463,998,460,528,520,196,148,610,600,490,142,718,149,571,826,500,602,869,897,435,809,156,302,213,492,949,648,705,852,420,619,879,846,959,613,365,648,869,519,449,454,415,478,377,401
2025/1/28,485,234,733,573,278,138,657,701,902,800,653,401,428,764,714,476,195,457,474,129,780,284,704,861,170,676,822,510,561,184,955,218,659,639,830,649,122,536,447,187,739,664,413,106,209,295,670,423,984,299
2025/1/29,291,294,232,127,281,626,626,319,257,452,326,980,939,132,184,140,958,827,753,380,409,184,624,965,332,999,879,120,242,366,328,697,802,834,668,213,665,930,897,898,823,629,246,259,582,644,824,272,711,992
2025/1/30,376,500,262,177,763,987,252,803,315,795,873,289,215,154,416,269,513,663,848,336,594,666,871,925,433,110,309,650,489,168,987,481,561,634,894,438,985,467,117,741,874,591,561,339,506,816,767,886,849,518
2025/1/31,260,739,314,315,124,596,833,674,769,614,778,235,948,618,311,311,334,882,636,347,655,862,720,807,910,719,628,834,731,710,379,491,111,595,724,667,865,444,143,604,923,649,683,522,749,923,925,163,368,138
2025/2/1,559,132,832,485,279,615,305,684,561,802,535,654,436,855,614,592,997,584,610,467,709,243,429,934,765,125,897,201,781,446,969,151,255,720,232,458,334,259,254,689,179,798,585,635,150,793,375,200,932,831
2025/2/2,413,787,334,464,809,448,554,260,233,729,890,503,980,924,483,779,161,183,901,594,872,962,288,170,189,520,443,145,256,827,389,702,783,718,682,749,158,649,966,871,776,484,751,825,502,758,488,421,499,406
2025/2/3,121,559,942,765,600,496,372,780,166,118,700,991,836,737,790,138,355,998,678,124,208,778,194,347,433,762,814,165,434,772,779,388,576,756,182,713,263,761,476,340,512,295,509,169,662,879,821,165,602,103
2025/2/4,352,982,757,625,955,821,993,188,947,122,478,964,963,111,441,468,660,904,349,685,894,511,716,245,298,320,710,702,960,522,146,436,500,468,156,433,870,919,842,752,351,854,126,979,575,110,543,942,185,732
2025/2/5,847,569,850,798,260,260,335,787,106,512,277,701,939,627,914,856,447,737,609,817,471,323,107,717,260,952,378,263,359,705,814,909,907,965,475,788,925,640,982,839,111,399,128,315,186,681,526,656,419,947
2025/2/6,956,474,687,411,276,115,951,880,625,129,526,906,246,819,943,250,770,907,729,589,954,319,166,874,637,595,308,210,181,273,313,303,276,750,448,268,315,243,927,774,500,914,370,203,167,355,156,698,131,176
2025/2/7,660,121,108,982,384,592,839,684,172,906,808,440,674,654,137,210,223,683,172,593,715,278,595,395,220,336,740,437,853,776,857,979,440,895,370,438,282,687,501,335,915,646,785,826,695,495,796,557,435,567
2025/2/8,574,849,173,106,162,525,620,856,498,207,406,856,905,472,610,579,581,395,381,413,867,730,290,681,400,336,434,222,540,214,123,337,156,909,582,897,668,756,324,227,823,826,600,153,141,830,665,678,150,278
2025/2/9,158,769,591,102,761,207,777,688,504,466,878,803,422,583,519,535,416,335,459,705,990,532,465,569,823,318,387,804,271,319,420,481,954,198,210,360,756,840,316,602,381,830,352,905,830,908,820,552,178,744
2025/2/10,610,137,352,722,765,993,930,258,774,380,603,417,542,746,850,146,603,155,109,474,305,364,867,605,674,586,351,546,330,130,373,766,951,416,968,986,189,675,667,299,211,927,484,429,156,508,467,358,797,922
2025/2/11,781,329,329,849,255,549,825,588,677,227,367,717,936,327,268,674,818,459,310,738,946,528,620,292,535,560,364,710,819,622,655,851,547,222,986,834,410,958,130,642,822,701,159,947,837,461,441,816,273,840
2025/2/12,575,464,618,462,981,410,600,423,958,328,685,462,112,722,442,836,147,209,934,124,142,761,216,167,167,762,370,390,174,442,943,235,302,419,175,298,656,444,968,601,477,407,206,302,295,358,904,525,717,375
2025/2/13,799,662,273,850,568,838,216,709,229,210,107,921,593,406,925,465,508,291,251,433,964,515,366,593,864,734,799,770,369,476,412,506,796,898,257,310,356,368,158,749,850,351,319,387,859,102,951,277,600,251
2025/2/14,882,537,752,607,148,269,485,480,565,235,607,481,800,556,405,168,235,192,104,454,344,552,710,916,558,243,518,511,998,229,462,607,732,692,631,386,632,939,991,591,367,107,540,144,777,183,403,379,674,263
2025/2/15,289,875,267,373,948,645,443,201,305,461,575,332,386,259,641,398,300,961,294,215,386,826,584,151,613,288,825,714,725,716,767,461,837,594,742,791,632,795,997,120,397,867,870,928,161,255,863,443,175,389
2025/2/16,786,382,269,605,183,513,683,593,887,285,396,876,819,430,801,901,349,667,382,147,454,296,608,981,497,354,894,996,161,638,479,480,301,556,428,861,151,872,452,333,416,974,982,297,362,762,473,116,415,477
2025/2/17,662,126,492,905,460,350,494,743,867,755,263,443,213,875,968,395,413,159,563,837,884,653,397,462,719,167,310,380,973,838,810,980,429,621,221,842,437,367,544,813,669,307,757,315,211,275,915,395,932,720
2025/2/18,975,325,894,838,788,858,163,713,365,683,584,648,579,324,636,302,968,749,212,877,575,152,263,896,385,715,464,142,419,101,773,675,462,619,140,571,270,268,334,890,608,230,663,580,864,806,211,301,472,737
2025/2/19,666,376,733,982,247,880,816,118,636,228,696,916,121,828,211,160,467,138,370,198,182,579,475,573,660,435,175,585,201,970,569,734,991,816,266,581,166,870,206,742,645,835,671,408,810,571,977,783,180,851
2025/2/20,343,897,293,114,729,240,820,553,892,975,171,652,448,603,510,929,528,639,262,558,209,542,752,945,239,770,759,695,528,200,845,353,553,414,741,122,724,838,290,515,874,808,645,995,277,718,105,873,972,409
2025/2/21,931,708,616,291,441,373,171,581,352,360,666,628,825,555,305,413,929,148,559,622,289,429,367,620,829,920,420,802,973,632,774,576,455,808,122,659,399,132,629,247,464,753,195,534,125,523,802,293,739,488
2025/2/22,604,383,128,730,575,515,888,693,921,614,658,955,782,144,284,260,906,519,204,696,899,350,648,862,655,973,824,150,821,157,215,213,315,809,378,208,771,476,837,128,646,863,188,431,509,233,945,248,794,956
2025/2/23,230,978,264,584,162,707,373,496,388,548,337,888,934,313,481,430,579,736,792,504,350,906,173,530,880,508,532,997,354,488,704,119,654,641,862,395,877,313,778,460,370,707,927,795,857,887,378,474,854,757
2025/2/24,584,580,521,127,800,838,419,378,263,999,203,918,665,158,595,627,413,112,655,313,823,989,607,943,689,399,208,309,631,791,141,627,986,578,568,105,931,661,682,407,573,125,330,126,630,963,481,987,796,863
2025/2/25,918,552,438,813,459,990,437,950,194,203,309,670,909,743,478,437,599,135,381,784,390,882,172,397,827,701,740,225,669,440,895,244,122,119,499,649,331,539,973,982,838,722,374,265,876,479,951,134,831,282
2025/2/26,746,928,747,138,660,138,465,464,881,582,653,282,419,715,146,705,820,200,786,602,744,222,407,534,993,456,621,591,211,960,478,307,254,659,108,780,936,591,665,261,636,553,345,417,416,766,112,468,170,920
2025/2/27,120,915,595,372,426,913,594,430,932,323,927,140,225,294,985,403,454,893,261,820,300,978,298,795,709,355,146,608,412,119,821,630,285,229,112,967,167,492,344,968,333,734,210,373,631,376,402,128,953,405
2025/2/28,940,758,464,330,868,128,706,740,209,931,567,650,376,588,839,602,584,185,450,547,896,486,229,790,847,452,478,680,560,354,305,475,348,392,918,894,605,588,961,951,158,285,333,482,205,335,655,874,765,171
2025/3/1,266,615,932,185,835,576,265,443,435,973,553,496,303,256,650,749,310,615,533,993,425,438,857,297,381,831,926,876,807,416,565,603,848,996,931,302,127,821,175,160,350,583,377,464,848,851,716,320,856,318
2025/3/2,373,646,441,573,240,417,643,921,921,965,367,803,293,709,627,437,803,322,951,675,610,877,923,227,760,620,195,357,986,137,831,265,904,231,151,424,727,128,646,224,946,779,576,202,917,981,259,152,751,818
2025/3/3,487,291,599,225,314,344,110,554,337,590,485,878,780,325,603,649,143,437,239,357,508,447,671,631,915,623,202,287,561,759,379,649,233,455,308,924,150,138,366,555,185,150,516,602,563,112,253,890,170,272
2025/3/4,700,148,756,911,534,847,400,700,480,572,874,593,763,511,121,738,640,265,570,943,706,128,890,510,677,936,991,329,964,636,747,280,420,153,649,884,792,958,416,170,862,990,777,944,345,441,853,452,145,752
2025/3/5,415,611,610,636,990,796,828,824,535,109,947,758,646,304,312,374,670,482,231,220,889,134,714,939,845,855,953,288,191,485,717,960,489,989,711,343,359,711,911,937,489,104,227,472,180,134,280,491,146,371
2025/3/6,113,116,426,244,822,371,900,754,998,504,486,432,795,178,409,263,682,955,186,909,936,617,907,164,556,793,245,514,151,732,217,716,533,892,804,426,690,272,220,975,279,688,336,715,761,658,625,175,690,825
2025/3/7,341,271,316,624,417,539,201,164,582,995,976,226,385,223,760,542,191,994,787,153,607,495,931,793,186,383,979,109,904,125,336,711,121,486,501,146,884,116,935,565,818,259,902,344,495,313,279,593,521,567
2025/3/8,876,319,400,311,131,847,524,175,124,401,358,657,156,570,852,418,364,475,282,430,830,722,586,340,178,411,126,213,619,553,408,701,972,364,290,860,719,155,124,342,955,307,718,916,621,511,476,787,248,368
2025/3/9,445,257,231,124,769,338,491,810,752,330,382,656,833,317,371,688,994,570,467,883,700,393,952,468,304,198,831,175,911,780,555,911,699,314,150,690,685,325,531,589,248,356,227,268,932,504,903,621,229,119
2025/3/10,664,576,903,679,384,476,878,242,216,830,725,100,402,615,670,603,319,889,228,340,171,688,250,635,890,296,629,775,197,422,999,543,764,559,492,721,786,657,259,860,682,304,806,727,835,593,875,216,555,677
2025/3/11,997,145,169,493,404,365,313,927,581,165,974,267,262,701,898,785,541,741,345,854,346,448,768,483,436,581,778,601,335,836,574,431,224,557,752,112,283,166,695,320,220,866,950,752,363,757,267,379,738,914
2025/3/12,439,472,351,166,528,458,790,704,491,211,139,719,118,203,301,486,500,130,700,629,740,246,305,530,353,977,181,184,1000,612,199,602,178,901,779,479,122,296,213,572,864,110,493,517,760,258,313,829,976,602
2025/3/13,191,617,514,332,576,439,187,572,636,112,585,118,469,492,131,969,499,474,677,582,823,166,278,182,403,325,527,148,473,918,360,178,957,142,922,464,885,753,834,632,704,107,574,455,889,736,249,274,730,246
2025/3/14,466,198,886,208,385,488,652,516,178,492,319,431,363,730,542,932,826,110,769,286,954,619,296,930,479,944,683,594,680,872,404,684,150,685,720,701,228,934,999,593,355,508,754,577,373,209,115,845,968,528
2025/3/15,554,991,544,245,243,676,500,404,679,599,228,683,893,744,261,987,998,401,998,957,707,221,834,796,229,714,921,937,656,112,453,787,827,961,818,441,390,122,601,998,865,131,494,224,805,648,190,863,604,264
2025/3/16,527,844,975,210,523,788,687,835,272,697,619,555,212,923,866,702,888,195,477,755,686,439,188,927,695,717,578,788,748,659,385,495,275,377,399,959,931,705,265,181,963,639,210,636,271,888,219,394,873,989
2025/3/17,608,136,281,327,118,102,988,596,111,333,712,208,587,707,353,849,675,289,248,361,665,274,898,710,375,464,865,486,333,924,427,707,969,937,721,891,600,853,802,955,899,817,189,805,364,625,352,550,343,409
2025/3/18,875,379,266,210,117,528,145,390,899,701,991,367,426,533,620,875,957,552,951,463,443,999,533,673,798,467,261,488,131,470,202,956,352,853,295,320,285,336,274,978,408,486,862,995,921,446,159,933,573,617
2025/3/19,134,448,190,569,868,241,771,201,227,413,787,544,641,430,750,790,903,291,532,590,153,790,887,385,657,669,938,317,388,390,162,202,345,229,516,172,578,665,100,621,158,327,379,711,125,843,365,617,481,113
2025/3/20,305,596,813,133,689,475,562,366,707,665,718,339,746,242,579,593,589,585,727,530,829,696,847,633,998,689,501,800,737,431,786,501,838,449,763,845,670,237,998,111,168,739,432,501,568,927,508,120,202,231
2025/3/21,180,401,957,722,470,769,691,966,191,111,712,400,678,899,109,589,584,365,825,338,627,550,282,558,282,174,607,445,678,705,381,323,205,805,519,871,591,572,840,362,545,866,323,616,961,735,130,172,588,953
2025/3/22,661,280,630,875,274,423,409,721,752,308,359,701,164,639,825,820,856,523,568,403,710,656,308,311,367,141,137,329,641,360,540,617,292,643,854,724,612,944,185,756,487,574,200,630,575,378,120,941,136,854
2025/3/23,971,706,138,468,293,245,185,941,642,113,465,202,391,377,604,172,569,227,545,397,631,235,592,225,907,521,610,354,213,889,392,733,415,205,739,145,742,883,673,548,185,823,231,781,455,578,830,135,753,538
2025/3/24,487,198,225,847,601,392,191,876,945,732,857,349,124,332,884,608,673,337,580,175,657,954,229,512,421,935,492,335,303,970,837,335,401,815,716,603,166,652,419,291,885,850,112,885,125,210,692,606,648,842
2025/3/25,101,799,550,694,212,764,759,102,631,517,886,552,648,628,935,489,943,454,983,799,292,115,764,598,611,280,812,125,128,304,106,526,647,100,621,373,904,709,500,861,326,306,556,353,133,735,388,998,619,839
2025/3/26,489,215,272,653,213,531,772,184,757,536,643,619,100,670,659,718,781,211,393,432,994,432,112,524,711,644,593,683,742,796,738,215,815,856,455,654,566,794,481,213,692,417,540,220,363,530,642,332,842,773
2025/3/27,665,290,752,524,321,804,813,893,927,476,748,252,648,189,535,956,544,927,864,999,157,294,733,653,177,170,299,360,573,786,191,262,878,683,247,307,384,739,817,125,725,894,197,131,237,641,597,827,432,894
2025/3/28,205,352,853,712,777,684,341,427,546,119,623,958,240,591,210,394,368,545,242,857,536,595,970,709,883,667,354,865,796,486,289,325,367,531,464,960,700,328,716,882,283,856,219,760,915,214,845,596,496,362
2025/3/29,871,260,319,617,930,498,964,915,489,686,913,273,843,298,252,468,366,442,349,741,210,108,831,642,438,204,278,370,352,991,970,329,269,405,463,714,516,416,417,598,891,656,392,877,794,189,573,305,395,742
2025/3/30,921,355,737,791,743,916,101,549,771,854,986,442,747,461,734,895,153,244,977,573,228,927,205,257,773,299,646,222,897,920,575,281,650,626,751,223,199,697,902,607,421,716,915,136,974,311,504,525,206,324
2025/3/31,576,422,157,381,996,988,324,553,960,834,115,769,1000,540,968,964,627,164,401,926,948,433,474,211,655,200,693,755,485,567,610,348,554,152,801,109,288,867,349,644,417,447,810,788,853,649,647,143,959,357
2025/4/1,802,227,759,419,363,443,900,728,142,169,228,530,287,125,201,793,619,346,124,382,805,432,681,501,608,867,488,356,161,514,561,417,750,619,501,428,989,820,624,161,665,892,100,441,665,694,231,190,629,333
2025/4/2,501,117,575,837,154,239,844,320,353,923,674,826,227,124,852,648,715,834,888,690,951,426,806,858,337,406,497,755,614,168,152,309,391,429,705,286,957,826,774,328,498,333,671,112,561,638,423,927,924,435
2025/4/3,829,892,555,542,970,286,688,253,229,310,208,788,300,493,932,748,158,589,988,171,425,114,797,221,233,685,831,520,529,571,853,755,663,657,591,642,487,985,654,914,808,800,349,282,267,828,957,569,182,508
2025/4/4,655,834,928,414,742,904,215,764,159,200,986,786,226,606,290,949,924,924,989,362,107,938,198,372,291,782,257,358,679,203,585,491,898,424,328,767,340,711,997,706,998,143,751,756,730,459,231,704,387,927
2025/4/5,261,665,994,976,899,160,765,111,762,797,632,951,356,400,828,667,139,538,1000,802,128,713,693,393,455,476,103,146,636,857,743,956,900,213,674,159,881,660,722,134,392,836,248,364,754,585,620,566,805,123
2025/4/6,301,669,460,840,877,479,202,232,566,231,769,949,775,438,662,286,336,205,169,978,211,325,686,497,377,754,266,962,790,260,589,195,240,246,951,860,830,300,816,804,392,241,494,187,180,471,129,950,560,370
2025/4/7,369,422,100,476,557,809,293,403,386,722,368,757,646,366,903,952,485,280,724,986,772,524,985,570,117,777,567,624,240,299,463,993,245,265,636,998,516,357,995,555,584,747,143,561,856,314,726,553,314,194
2025/4/8,962,971,486,388,977,906,265,392,616,480,261,423,293,560,180,869,705,283,974,674,230,889,951,306,623,498,508,987,842,315,211,957,524,478,367,985,275,579,355,687,998,275,982,145,963,832,400,694,380,241
2025/4/9,915,785,447,536,261,539,970,399,566,231,359,772,802,792,588,544,833,325,211,991,287,507,291,209,279,872,511,307,399,311,508,855,413,238,504,881,486,987,406,990,546,753,797,491,969,114,103,432,831,793
2025/4/10,370,891,289,761,479,418,189,839,877,119,201,738,203,555,994,669,815,876,463,111,774,212,424,539,222,320,303,410,774,607,106,185,283,728,892,541,570,277,243,601,902,548,719,218,506,358,424,606,558,817
2025/4/11,555,725,604,376,186,401,785,882,444,635,605,519,634,459,187,462,749,889,402,240,808,527,825,377,345,694,293,846,410,115,841,514,763,398,110,316,952,856,757,860,791,691,143,630,673,877,608,893,900,180
2025/4/12,561,387,290,809,154,443,221,142,741,326,834,693,364,167,293,222,399,188,570,865,574,100,926,667,833,281,334,248,570,597,767,493,812,375,419,101,332,222,490,694,991,181,177,546,145,562,336,569,443,373
2025/4/13,826,953,607,681,575,110,242,442,481,253,670,584,901,962,203,287,494,787,190,654,463,365,566,986,472,406,817,933,492,983,296,795,227,888,812,635,762,441,912,124,511,234,325,831,698,219,634,120,293,375
2025/4/14,351,762,468,602,899,161,205,425,878,904,346,758,483,511,882,841,306,629,629,116,303,590,993,668,150,621,249,537,741,431,934,732,386,949,225,817,551,270,775,668,607,818,261,844,710,227,115,327,257,982
2025/4/15,801,738,508,723,277,944,986,913,789,841,739,850,359,590,195,779,435,470,760,162,311,307,466,581,170,495,258,254,544,816,975,943,922,924,405,931,376,944,268,131,833,955,892,705,906,822,633,475,564,564
2025/4/16,395,254,923,615,490,325,527,597,352,568,894,511,513,932,522,519,692,498,838,352,720,721,417,902,579,103,378,777,857,976,834,600,352,277,801,810,328,747,397,930,885,276,352,862,152,622,683,229,203,307
2025/4/17,824,589,216,449,448,252,404,463,155,921,936,183,457,148,990,725,829,205,825,564,375,811,243,213,659,962,915,189,908,650,466,703,877,941,610,455,270,158,332,111,989,482,231,861,803,787,915,786,133,395
2025/4/18,819,485,233,942,107,810,971,990,562,970,636,212,174,786,297,351,613,370,971,475,172,468,483,992,118,947,503,797,271,700,349,681,799,453,188,725,834,804,370,418,343,342,547,893,575,744,545,719,201,138
2025/4/19,848,884,157,545,932,663,416,526,556,504,230,836,454,663,100,718,277,930,762,903,778,405,315,996,873,903,992,929,675,355,694,232,485,253,454,891,312,564,159,944,519,666,983,843,691,424,602,513,738,387
2025/4/20,437,203,655,929,412,871,734,120,182,301,452,431,683,201,506,648,495,602,291,619,871,111,460,919,183,380,777,457,130,865,339,890,329,300,727,766,381,879,395,703,253,240,986,145,115,419,329,894,825,223
2025/4/21,978,492,784,449,858,670,108,506,198,137,295,477,870,315,477,434,470,778,651,936,342,444,423,952,254,314,410,273,146,827,479,748,370,977,451,264,140,359,566,100,915,556,573,985,459,605,206,170,424,975
2025/4/22,152,910,771,706,934,683,873,718,248,871,892,854,287,537,266,191,957,624,341,189,886,564,114,576,664,709,167,316,229,979,971,413,870,214,788,833,221,472,334,534,523,539,755,607,586,625,819,503,907,382
2025/4/23,891,345,272,763,542,759,172,435,428,287,765,754,784,799,608,629,890,948,237,819,201,799,316,809,718,519,562,555,451,914,934,798,910,770,113,190,326,194,776,937,372,155,877,657,937,149,488,661,790,977
2025/4/24,316,275,928,922,866,960,458,914,255,156,481,140,389,668,737,965,757,131,444,903,784,765,591,420,456,200,187,875,944,271,570,320,514,653,356,266,393,224,805,235,746,626,208,625,805,683,819,706,691,279
2025/4/25,863,138,914,236,427,674,322,216,289,119,744,869,144,658,412,162,417,492,279,895,270,593,646,278,915,620,316,708,721,748,874,537,297,858,308,306,699,140,333,295,924,796,805,696,601,168,362,890,240,196
2025/4/26,287,576,248,858,153,409,515,223,593,372,326,896,672,258,692,761,835,139,811,729,752,467,282,996,746,672,100,728,680,597,800,145,422,167,380,381,366,990,467,232,619,925,134,930,240,490,662,496,573,290
2025/4/27,479,781,179,998,860,984,652,498,982,218,800,204,182,588,517,611,468,759,602,960,287,945,369,318,542,408,234,298,157,570,554,889,155,544,542,164,640,353,794,185,227,518,566,939,719,482,164,436,130,173
2025/4/28,592,858,985,342,338,342,469,892,362,682,575,301,222,785,862,238,483,317,302,274,540,519,566,888,168,757,796,931,205,483,465,291,930,544,939,987,858,106,944,575,472,187,374,102,914,115,364,743,983,546
2025/4/29,140,637,312,642,328,592,815,903,179,615,576,549,457,341,780,797,161,830,672,175,185,988,969,627,622,609,450,585,911,789,389,619,302,425,936,615,927,570,331,906,667,708,286,127,876,538,437,604,162,884
2025/4/30,256,966,302,139,678,465,363,814,499,320,364,918,627,893,576,284,905,181,291,712,575,890,711,591,242,162,239,632,429,688,973,478,882,945,488,256,550,827,972,890,737,755,342,480,546,945,400,375,659,596
2025/5/1,114,917,863,328,150,429,939,150,863,625,471,942,165,852,172,304,604,944,104,762,151,270,618,990,291,732,717,299,867,799,502,887,720,807,716,860,548,610,590,423,258,107,363,256,389,968,477,991,186,660
2025/5/2,912,507,328,647,708,206,789,882,708,614,585,365,756,981,240,871,338,819,989,499,210,233,641,160,486,325,232,470,923,606,157,790,727,701,582,868,855,680,718,279,670,576,621,954,308,667,274,112,403,583
2025/5/3,164,624,775,322,703,325,959,423,359,827,533,309,474,104,681,313,294,300,336,881,976,526,566,153,477,204,719,952,782,626,620,433,703,722,246,846,160,168,602,615,669,314,777,610,574,716,251,102,160,948
2025/5/4,956,927,326,105,363,924,417,888,871,840,745,662,261,695,361,355,777,546,792,170,953,124,404,779,680,871,277,547,482,903,403,138,237,979,378,405,601,180,989,737,751,784,640,432,512,231,575,323,495,821
2025/5/5,938,605,758,421,517,317,183,240,714,435,310,217,845,919,439,234,321,943,410,279,142,629,243,637,634,960,909,347,261,930,214,392,521,458,620,977,246,641,834,274,275,834,882,943,776,659,365,274,433,215
2025/5/6,620,924,631,567,902,852,417,569,651,797,671,812,479,460,407,672,160,527,648,223,310,289,210,947,792,524,457,887,385,424,309,789,914,244,729,494,785,684,691,862,719,651,186,786,526,347,428,998,885,634
2025/5/7,443,135,540,831,195,605,210,886,884,154,476,476,755,558,344,974,228,137,155,480,299,240,331,164,392,354,479,363,170,313,140,261,156,374,705,173,889,361,845,120,310,596,634,213,953,372,915,484,510,197
2025/5/8,228,784,501,174,187,358,350,901,200,599,494,650,457,347,614,921,784,310,542,392,909,654,790,711,108,528,970,157,866,307,915,430,661,608,533,286,433,188,480,204,546,793,309,488,470,722,262,701,383,427
2025/5/9,747,119,146,103,177,987,482,433,458,999,549,639,287,665,436,187,255,543,336,896,957,945,683,685,370,533,757,401,553,268,272,985,170,278,243,673,980,307,795,677,685,602,145,586,931,937,537,340,565,506
2025/5/10,571,420,332,946,387,873,106,992,479,987,463,870,421,772,674,935,477,426,969,294,851,895,821,803,486,306,549,130,985,429,333,203,693,852,388,436,990,312,527,542,266,881,566,942,763,947,442,646,179,412
2025/5/11,162,875,404,745,219,616,558,472,919,865,975,183,549,521,660,306,721,860,960,327,726,757,831,270,192,127,685,597,666,379,892,260,471,937,485,775,241,933,796,874,559,798,639,349,389,448,466,113,791,801
2025/5/12,238,611,625,217,913,872,183,663,320,635,556,553,573,837,175,228,880,326,296,530,125,414,691,372,628,781,562,348,934,404,983,898,716,930,113,667,143,365,745,148,456,344,125,670,531,583,564,294,883,793
2025/5/13,598,499,242,980,590,153,307,593,919,261,824,766,112,114,979,922,967,147,684,535,398,543,599,988,253,435,207,704,496,245,689,734,699,576,356,722,243,392,831,627,403,577,365,814,367,649,849,496,176,247
2025/5/14,692,753,514,705,551,146,999,638,519,769,827,728,283,835,274,102,889,117,670,886,176,418,694,798,504,687,221,876,614,874,719,153,613,942,445,829,964,306,899,244,332,408,274,414,250,456,298,530,832,441
2025/5/15,491,982,612,603,599,826,489,768,223,693,325,613,210,672,208,853,685,538,851,560,236,540,653,634,939,727,116,370,125,615,892,133,971,513,797,339,432,432,463,439,426,330,615,338,818,851,599,405,893,594
2025/5/16,774,570,472,673,264,788,413,850,521,258,230,704,607,221,282,220,536,906,613,717,119,191,372,490,248,168,295,705,412,189,502,341,183,252,444,632,596,176,301,861,983,482,410,333,354,417,115,433,639,122
2025/5/17,518,242,665,540,281,620,121,255,330,287,687,777,389,376,291,484,306,807,548,120,539,278,802,792,988,965,426,765,225,552,138,989,142,203,499,240,495,387,981,954,281,254,421,402,452,732,920,824,460,204
2025/5/18,388,191,985,293,568,198,509,390,789,159,575,486,394,657,164,713,487,286,459,163,310,155,272,426,366,845,417,493,507,159,218,212,765,174,306,364,154,146,245,453,733,274,678,706,476,147,395,509,176,774
2025/5/19,478,453,358,946,834,119,994,747,162,916,897,449,550,552,948,137,579,444,799,264,851,254,106,207,521,612,908,896,664,410,434,417,938,227,957,238,406,721,935,174,433,947,234,752,752,109,967,102,608,678
2025/5/20,872,933,755,814,922,989,614,243,584,418,376,395,314,489,573,440,890,323,918,126,650,771,254,946,939,266,578,601,297,627,435,122,705,810,271,558,969,299,738,901,814,214,154,433,954,332,610,790,263,901
2025/5/21,589,899,570,491,106,852,226,205,727,977,255,357,731,393,882,744,986,929,129,410,534,210,621,261,717,963,351,691,910,326,638,657,909,765,563,169,522,526,556,893,128,489,642,212,457,135,887,651,108,900
2025/5/22,330,826,111,125,429,672,908,519,802,310,859,180,993,673,199,813,937,587,878,384,879,236,645,913,571,829,602,903,287,573,715,923,232,667,369,484,516,309,234,677,813,410,685,720,707,512,338,551,274,657
2025/5/23,140,953,429,534,874,990,799,769,673,505,317,367,666,697,643,959,439,976,207,759,306,331,647,551,992,884,218,183,797,640,173,746,494,889,320,729,772,987,725,736,192,399,630,461,469,561,680,775,561,692
2025/5/24,127,150,835,272,772,589,973,757,867,763,289,518,126,545,963,120,968,948,943,380,538,567,617,305,646,467,773,464,916,762,290,217,164,444,251,297,896,519,363,418,940,117,255,956,326,103,400,918,406,758
2025/5/25,234,764,883,399,250,518,113,101,582,208,516,334,729,309,227,341,439,328,701,937,878,831,314,689,730,350,809,985,909,856,423,800,389,630,722,304,424,253,163,186,967,883,948,900,804,143,105,846,687,321
2025/5/26,300,797,457,744,184,789,111,688,618,175,774,932,832,689,551,554,303,489,816,930,765,580,233,115,625,958,597,648,815,881,246,742,475,258,282,825,809,621,590,652,787,111,767,196,402,667,319,868,344,954
2025/5/27,939,674,507,425,246,949,186,743,254,641,791,410,330,813,468,720,260,688,990,263,141,167,384,426,602,955,585,441,583,178,866,311,868,637,498,667,770,514,746,797,429,503,246,946,925,653,865,971,221,114
2025/5/28,879,289,767,509,723,161,623,189,191,413,645,912,664,401,950,402,639,287,544,997,510,913,225,707,113,785,144,938,549,532,383,517,566,525,950,898,179,452,140,965,822,912,584,115,488,354,552,594,284,990
2025/5/29,132,224,472,217,480,244,636,444,625,216,140,456,906,322,142,695,491,957,992,323,622,348,538,758,877,269,413,506,622,900,312,212,997,780,171,904,130,256,395,991,283,803,698,655,476,839,532,516,131,732
2025/5/30,147,249,107,935,647,315,400,449,554,967,406,312,420,833,983,694,868,369,537,883,905,422,948,101,751,857,278,524,970,252,734,143,312,122,517,786,211,360,102,946,194,331,119,475,217,213,906,490,861,177
2025/5/31,602,413,221,886,384,102,342,558,840,803,437,673,332,102,518,902,776,706,831,245,709,617,785,109,905,189,993,843,453,888,817,227,247,146,997,958,657,176,805,877,884,704,368,841,104,848,969,472,668,421
2025/6/1,506,669,447,823,799,259,221,362,697,118,413,148,769,617,587,168,674,409,989,967,526,891,251,533,463,660,517,192,757,500,851,975,672,624,382,981,964,868,209,882,748,829,432,489,543,496,485,727,409,906
2025/6/2,673,441,775,324,181,838,246,450,744,531,174,226,536,192,177,228,633,231,705,129,374,531,430,224,218,545,655,947,696,378,493,257,570,828,173,739,816,587,320,141,848,377,654,719,451,273,718,151,471,340
2025/6/3,827,404,189,631,613,880,666,207,609,784,378,322,880,619,925,295,169,650,556,144,547,586,637,180,337,393,882,713,199,156,438,884,248,933,454,530,663,230,469,192,452,452,500,316,854,354,394,475,755,117
2025/6/4,904,791,747,212,996,219,849,685,282,839,275,378,632,527,900,239,992,171,714,886,983,705,482,584,645,249,177,511,715,285,897,926,187,805,826,989,749,678,467,796,364,402,405,498,632,565,217,494,929,867
2025/6/5,198,781,797,239,914,992,455,138,485,449,995,507,502,592,369,543,504,892,834,570,841,528,214,751,268,231,425,531,657,497,121,493,423,243,596,424,571,554,535,826,746,640,127,359,763,376,504,241,695,553
2025/6/6,783,937,415,658,808,188,784,258,673,282,761,604,152,334,773,382,707,944,797,133,468,368,993,937,621,532,789,777,655,704,870,966,994,684,427,541,173,839,103,606,755,569,566,923,739,563,779,185,155,542
2025/6/7,971,882,277,100,622,428,832,682,830,212,372,393,886,719,800,411,774,771,795,752,319,808,581,249,733,158,456,258,377,887,968,951,495,767,634,903,652,262,343,628,118,912,359,419,223,946,862,563,890,376
2025/6/8,825,153,639,189,845,679,730,411,504,282,936,895,412,260,858,845,690,286,594,526,676,636,383,899,756,935,515,113,792,257,204,611,889,688,679,387,578,114,265,364,842,176,633,295,757,601,693,145,372,523
2025/6/9,646,543,831,753,485,456,408,340,345,580,719,376,380,820,999,634,616,585,773,929,966,247,998,972,834,298,614,472,798,886,565,144,503,518,546,325,688,331,125,725,745,620,986,577,376,540,665,943,563,575
2025/6/10,838,712,968,419,806,709,794,544,841,245,750,537,825,851,827,764,927,290,346,985,331,217,174,439,982,314,313,324,725,792,558,207,181,780,472,163,486,294,494,391,725,123,200,517,921,168,851,337,777,126
2025/6/11,712,363,140,649,570,366,387,397,690,930,961,206,130,430,414,376,219,521,642,320,427,949,265,228,868,997,953,604,590,458,531,318,740,898,461,659,798,960,573,563,598,114,650,574,493,608,977,109,555,613
2025/6/12,561,152,839,904,218,716,406,135,760,727,882,757,436,432,950,160,913,219,663,967,542,466,288,537,879,660,173,172,354,539,869,542,385,184,192,813,981,641,116,903,238,775,901,706,763,425,111,763,769,964
2025/6/13,742,671,803,993,495,422,911,183,749,212,958,519,282,149,988,418,789,319,956,633,151,949,177,850,970,571,662,348,480,688,815,929,481,515,420,597,663,458,827,659,736,624,452,667,459,841,308,672,348,563
2025/6/14,868,719,601,238,631,734,693,551,570,862,388,710,122,622,267,989,787,152,687,791,985,165,701,600,615,843,678,610,991,565,921,414,964,793,423,948,532,949,191,918,815,446,399,643,722,166,264,629,797,906
2025/6/15,104,104,244,610,360,640,822,985,925,575,823,528,643,962,438,151,316,833,996,466,475,912,787,157,496,346,608,702,641,762,873,276,891,581,483,159,511,430,582,196,672,271,781,330,568,403,977,697,177,923
2025/6/16,317,202,300,967,904,748,761,874,987,862,992,474,545,767,292,955,155,550,538,940,362,469,120,297,965,481,431,315,363,545,718,327,369,555,674,496,566,526,642,986,861,968,395,983,727,583,393,748,633,462
2025/6/17,602,295,823,944,355,294,648,921,522,402,371,172,173,591,552,252,465,511,377,842,366,274,665,310,205,338,192,701,709,849,862,802,391,926,835,356,698,596,304,194,909,426,452,620,799,647,618,841,207,482
2025/6/18,866,873,560,358,833,837,451,484,1000,924,165,733,109,681,382,848,798,742,651,649,458,930,283,144,184,466,787,640,924,900,320,771,552,396,836,676,720,927,601,425,624,811,229,802,156,516,177,739,372,850
2025/6/19,497,976,831,772,325,431,411,271,164,217,582,129,583,780,435,410,603,336,712,681,416,687,970,196,313,267,756,916,978,842,478,366,814,211,980,338,836,585,499,173,354,584,255,972,350,258,533,715,863,624
2025/6/20,970,983,851,789,152,269,972,475,112,912,347,287,555,371,489,913,843,857,210,215,423,594,321,378,220,659,618,319,428,587,321,969,123,329,445,900,347,907,306,435,184,588,173,299,995,248,676,797,114,481
2025/6/21,894,449,657,109,966,620,158,784,312,260,255,463,665,679,624,643,866,837,484,338,765,213,926,634,231,150,368,939,214,629,357,937,962,195,948,137,680,548,718,167,557,561,441,945,249,126,713,277,469,283
2025/6/22,492,146,646,360,599,562,742,461,341,500,146,965,663,966,339,666,554,819,932,434,969,210,427,509,949,910,475,826,375,172,812,478,410,779,202,124,219,512,245,857,631,477,564,772,551,683,968,968,403,293
2025/6/23,306,966,352,749,605,139,813,658,592,297,553,899,759,351,931,963,203,505,860,540,977,860,278,560,296,709,933,320,587,800,466,588,560,477,314,509,166,429,978,176,661,687,189,698,261,347,911,105,771,561
2025/6/24,114,922,489,271,953,636,854,990,312,359,300,550,259,659,582,488,176,707,290,247,751,538,887,490,118,827,103,488,380,116,869,801,307,255,291,560,672,831,200,307,775,263,678,120,219,200,898,952,304,155
2025/6/25,957,919,693,997,463,360,134,240,792,759,759,294,981,795,758,647,329,521,589,108,662,814,211,946,741,788,237,653,374,630,448,786,891,520,771,670,426,988,979,983,191,471,554,410,681,801,782,406,212,329
2025/6/26,653,755,982,112,379,494,544,986,437,851,223,255,113,931,815,721,357,811,793,387,728,246,835,143,111,479,330,746,872,830,324,389,816,204,983,516,802,246,929,865,699,672,847,687,450,195,176,647,779,588
2025/6/27,991,368,355,267,692,325,192,217,272,146,100,271,277,798,691,276,363,346,525,487,520,134,825,126,180,573,699,141,942,425,813,456,763,804,818,456,569,358,979,320,168,523,811,997,198,483,147,426,964,127
2025/6/28,560,469,808,741,813,223,306,376,771,498,858,946,511,189,990,461,430,171,504,149,145,408,158,893,429,179,628,775,818,731,837,756,537,429,880,482,592,391,340,361,136,856,431,752,266,381,866,455,352,931
2025/6/29,790,735,914,695,257,137,452,825,263,809,954,140,977,545,654,413,281,929,434,949,920,637,426,196,965,796,151,972,995,712,335,843,637,538,293,908,800,910,858,509,864,576,838,737,909,421,181,892,540,682
2025/6/30,674,205,549,420,731,427,431,319,564,658,739,162,152,431,557,906,992,284,308,616,699,849,720,647,873,466,745,382,427,645,282,971,805,231,479,257,762,242,262,430,863,481,447,862,762,495,994,494,285,821
2025/7/1,963,769,109,418,158,350,916,125,596,177,290,122,507,238,188,947,867,105,121,954,819,113,996,720,491,560,822,157,310,695,811,303,435,966,502,668,385,846,983,443,239,254,332,999,937,377,820,399,958,283
2025/7/2,842,758,923,712,826,1000,961,620,799,223,678,459,946,456,759,196,649,305,777,737,988,473,768,666,736,638,424,913,826,807,968,312,521,481,763,532,707,726,272,870,966,356,877,695,613,628,308,625,326,524
2025/7/3,340,756,897,428,227,275,824,882,494,174,615,174,121,700,194,980,787,643,710,686,368,656,290,803,406,551,830,933,651,941,857,651,849,237,848,147,411,464,601,919,992,855,697,533,763,362,544,848,627,474
2025/7/4,663,219,341,884,835,701,258,109,802,970,541,659,129,373,551,312,126,710,307,776,700,527,299,318,366,563,816,636,125,301,543,886,420,942,699,427,408,189,646,173,779,773,201,470,500,718,695,384,767,967
2025/7/5,195,930,350,876,820,553,123,477,407,236,914,771,802,118,527,928,375,486,107,377,480,827,411,284,546,577,822,172,126,443,964,422,596,369,110,532,874,819,383,736,665,167,580,659,464,679,621,429,453,140
2025/7/6,999,886,976,649,981,136,503,732,867,701,905,924,359,410,250,236,751,867,801,935,217,332,807,168,540,519,376,984,801,952,722,693,686,649,286,530,196,263,458,799,997,443,313,990,676,739,128,149,722,583
2025/7/7,833,703,104,518,214,415,904,736,282,499,242,217,304,969,613,105,398,798,786,399,665,804,134,928,994,806,635,228,182,622,105,280,262,495,825,155,212,580,480,353,277,376,207,177,425,392,403,872,100,359
2025/7/8,584,157,218,705,308,787,615,781,728,936,290,711,158,985,475,208,898,175,884,901,215,662,478,229,751,313,585,698,995,958,335,598,910,656,114,676,736,183,969,932,908,772,264,641,680,393,564,721,652,540
2025/7/9,506,445,900,194,625,895,831,683,893,604,632,479,570,253,121,646,190,276,628,688,729,986,486,666,940,468,615,941,781,499,226,419,640,563,877,367,555,176,632,919,912,490,702,384,732,707,601,808,659,955
2025/7/10,330,840,473,916,620,692,463,251,609,599,326,778,875,489,982,138,579,926,701,909,359,825,857,989,101,953,251,525,512,317,203,182,264,774,396,168,562,772,919,846,970,548,803,747,720,494,545,477,519,183
2025/7/11,848,573,164,680,651,213,481,819,807,672,412,389,565,359,412,761,672,898,752,748,174,762,336,708,619,213,582,764,266,544,848,402,948,549,510,827,231,616,262,861,717,358,434,239,927,612,727,863,719,145
2025/7/12,754,216,245,417,336,139,631,148,645,237,728,539,111,719,939,524,557,448,756,717,579,539,715,947,861,853,358,793,799,864,579,361,797,430,684,700,220,584,708,431,236,406,185,652,346,909,589,699,260,539
2025/7/13,270,929,323,335,380,400,251,253,663,149,401,767,730,982,618,729,550,354,265,706,404,601,618,698,750,602,423,224,268,321,254,883,665,352,151,548,296,689,406,497,289,946,833,381,533,279,880,924,260,770
2025/7/14,640,890,338,433,458,323,661,958,723,870,753,106,389,896,305,360,464,936,948,234,106,374,382,905,735,735,968,166,900,482,356,299,394,780,739,892,905,702,438,444,739,194,974,661,192,792,527,637,970,955
2025/7/15,135,226,276,984,300,417,788,392,863,718,559,295,949,670,474,525,958,801,595,679,465,949,100,730,408,916,267,105,328,980,334,339,141,384,127,356,581,698,154,683,441,563,523,357,367,334,658,873,227,618
2025/7/16,624,492,878,475,857,448,707,679,693,724,500,520,859,224,550,186,774,407,689,246,733,175,830,819,839,687,787,736,708,691,599,791,384,373,676,771,733,881,432,846,658,345,712,922,714,930,458,243,821,944
2025/7/17,259,740,952,558,377,214,716,149,843,961,650,667,453,453,725,564,450,444,528,589,622,538,563,433,621,410,409,413,466,106,388,782,486,119,116,589,893,203,226,935,104,832,837,459,723,436,190,159,250,537
2025/7/18,938,157,381,236,334,797,519,763,326,353,492,932,738,372,883,175,754,226,873,577,447,831,329,253,568,568,902,425,627,371,609,394,237,338,450,845,996,551,804,767,356,734,463,539,420,107,152,967,543,235
2025/7/19,798,733,162,687,593,422,349,630,844,729,966,292,174,718,694,570,499,386,262,258,537,959,271,646,311,923,578,664,890,838,651,611,286,369,527,742,871,586,342,554,911,286,159,369,915,542,829,879,866,282
2025/7/20,342,612,316,646,103,667,216,711,832,809,863,658,972,910,278,513,352,865,465,483,314,798,186,178,211,807,155,677,746,115,899,788,815,517,749,148,138,438,960,214,761,873,581,233,955,638,959,174,570,808
2025/7/21,185,850,953,612,765,139,965,159,535,948,944,247,815,344,309,924,880,824,625,262,528,388,652,678,107,962,719,925,637,523,808,980,530,409,930,758,665,786,699,412,905,884,349,845,161,919,688,102,562,271
2025/7/22,895,901,926,395,541,965,611,266,521,976,306,886,660,947,599,994,980,861,338,540,890,639,222,954,903,143,572,605,963,623,884,495,653,130,328,415,611,665,947,327,342,472,659,739,399,757,303,674,829,960
2025/7/23,677,195,894,419,128,139,839,301,653,662,309,768,690,549,563,825,902,695,171,952,597,990,942,512,576,514,395,181,623,902,993,848,961,925,865,512,573,999,508,933,886,671,216,203,502,190,655,847,129,887
2025/7/24,781,737,788,671,208,958,677,956,120,856,214,301,540,346,939,556,558,586,544,288,639,791,397,645,973,797,560,698,171,852,875,237,515,203,309,533,260,577,602,957,819,505,838,865,747,953,255,547,572,689
2025/7/25,656,217,560,931,709,848,434,245,653,525,836,543,340,619,223,384,798,482,754,514,846,352,984,708,559,954,423,101,744,120,668,938,899,781,530,101,388,822,826,344,514,507,973,194,666,371,101,840,656,789
2025/7/26,673,659,709,448,826,388,517,775,496,646,745,518,960,240,212,338,598,505,921,438,466,225,789,268,352,345,913,303,205,789,397,977,525,285,393,940,299,706,703,917,726,224,644,948,719,933,456,374,179,638
2025/7/27,745,700,204,939,904,361,873,538,724,401,350,526,253,461,111,776,607,487,608,706,412,276,674,780,625,183,945,761,831,327,709,922,515,227,842,244,887,322,402,625,806,436,143,828,402,104,924,629,138,219
2025/7/28,895,587,198,878,174,315,394,341,204,680,318,578,885,107,225,698,403,624,894,280,637,136,583,762,851,306,240,904,984,884,236,228,125,309,852,465,627,108,563,627,442,440,608,672,869,693,668,691,339,380
2025/7/29,127,336,610,972,937,246,854,680,291,448,506,574,195,577,664,752,600,656,368,387,153,509,264,682,537,250,766,503,788,387,475,148,470,513,681,519,784,152,334,526,781,662,264,579,352,998,901,314,656,407
2025/7/30,719,984,484,328,245,435,470,786,116,931,542,225,825,451,430,771,902,738,852,933,640,710,798,614,853,767,361,202,381,908,186,775,484,380,203,672,602,176,795,141,478,277,467,879,833,318,157,782,689,807
2025/7/31,655,996,504,369,227,267,285,660,219,148,702,494,393,594,1000,657,697,725,514,286,566,709,482,413,953,627,884,635,232,233,518,888,155,352,303,884,347,817,137,564,693,750,956,340,577,217,353,584,436,376
2025/8/1,439,371,922,927,952,191,345,582,492,173,453,916,308,705,382,471,265,375,344,983,964,226,308,131,760,264,519,467,633,382,853,392,352,118,152,660,482,602,238,721,765,938,391,112,468,692,279,428,960,629
2025/8/2,897,288,617,897,141,452,736,207,524,803,987,980,442,932,239,594,514,599,774,237,263,582,838,386,335,244,843,311,368,503,298,727,733,811,474,943,317,415,294,377,752,269,948,246,778,681,592,354,899,394
2025/8/3,430,803,575,390,455,670,367,325,228,360,657,905,187,526,500,723,561,816,159,229,881,267,531,693,405,136,340,676,511,764,562,635,205,831,941,543,186,913,626,935,925,138,955,851,259,214,768,486,379,882
2025/8/4,739,546,808,824,140,670,742,772,229,455,649,675,917,138,196,144,213,436,105,293,433,691,488,142,577,432,454,308,772,165,536,410,229,235,153,533,181,921,868,118,245,168,997,700,265,362,134,225,215,152
2025/8/5,605,680,962,264,133,915,336,730,671,681,241,424,875,692,616,500,532,580,808,415,646,393,659,716,778,502,948,862,718,748,409,636,948,322,375,742,161,941,746,165,422,335,898,194,304,405,174,866,368,905
2025/8/6,447,889,744,104,116,780,629,760,659,701,711,491,489,286,668,346,455,996,669,884,897,944,323,100,119,513,869,996,890,703,695,738,769,102,434,654,898,723,100,266,221,659,975,926,366,753,388,683,434,531
2025/8/7,572,960,969,950,776,880,651,761,128,359,600,787,424,695,945,715,794,372,916,963,447,737,102,672,315,144,860,216,964,536,853,333,475,335,130,156,599,962,660,684,351,480,836,392,237,521,470,649,411,151
2025/8/8,330,346,870,478,252,462,120,531,196,737,939,727,988,699,168,696,306,157,506,243,372,442,471,369,954,501,688,727,846,928,380,308,842,953,234,661,141,264,195,502,954,156,385,124,467,306,686,423,152,827
2025/8/9,289,175,536,177,477,656,836,904,109,842,801,539,931,853,217,549,867,427,316,115,819,409,786,279,234,305,279,848,117,358,422,704,407,564,157,277,111,378,812,921,998,376,303,371,542,722,428,303,167,171
2025/8/10,324,253,122,509,687,444,966,754,341,394,646,303,256,953,987,584,334,830,125,401,849,761,545,835,228,161,165,577,853,202,863,193,190,327,204,392,932,126,512,508,410,949,783,604,957,402,689,271,793,127
2025/8/11,484,755,664,673,698,792,893,518,925,740,758,585,767,192,158,745,541,208,914,522,513,627,710,617,509,519,919,204,216,666,801,426,492,753,365,145,845,169,637,211,700,198,623,265,859,211,866,834,133,568
2025/8/12,476,534,776,231,728,269,619,554,331,891,641,932,750,185,132,719,454,378,104,344,599,639,215,202,521,967,447,594,897,868,251,324,633,598,621,269,940,317,954,373,574,626,918,861,666,516,876,316,895,863
2025/8/13,382,185,813,700,973,455,199,259,888,412,945,130,732,143,417,117,614,785,631,206,192,518,369,109,393,567,270,870,893,200,401,989,901,620,595,370,742,464,528,506,669,424,220,186,820,654,403,344,917,985
2025/8/14,732,796,557,848,441,290,851,622,383,711,606,487,676,236,149,705,307,427,489,187,784,543,546,682,345,919,573,145,243,297,377,891,209,801,352,516,214,800,334,472,591,560,855,753,116,958,678,435,485,646
2025/8/15,727,384,182,141,126,766,577,749,814,937,695,724,718,520,979,761,808,875,809,228,178,784,467,189,800,118,633,922,816,912,750,110,660,961,394,947,317,944,448,696,674,278,763,745,167,384,320,802,348,500
2025/8/16,844,319,244,188,924,521,698,689,858,908,980,976,758,173,588,857,952,414,670,986,721,657,352,325,655,464,466,430,650,325,787,428,740,776,767,238,748,405,855,750,446,943,763,890,232,739,263,397,210,300
2025/8/17,358,168,184,501,386,799,397,176,901,281,380,533,236,647,118,388,224,573,547,440,316,939,416,769,185,399,206,315,765,562,107,111,684,238,257,346,205,223,969,138,919,673,287,737,799,284,579,931,193,860
2025/8/18,458,146,177,395,745,106,625,608,875,785,523,936,773,712,825,513,237,210,853,103,457,335,514,839,655,106,538,591,787,336,906,134,439,375,648,247,790,118,580,204,586,218,112,927,529,840,554,281,509,710
2025/8/19,809,193,556,939,830,232,433,540,825,927,955,475,527,611,296,820,438,798,245,426,717,538,194,225,941,860,934,912,852,125,334,546,664,390,730,329,627,356,938,423,572,568,702,590,407,1000,474,433,278,919
2025/8/20,555,849,977,394,267,846,101,353,299,463,369,443,551,255,990,737,636,880,487,509,606,313,884,308,474,527,326,944,521,220,774,551,455,152,166,891,571,395,495,892,481,648,299,240,749,320,319,610,146,565
2025/8/21,510,552,100,715,709,656,474,869,178,287,253,542,711,354,549,334,167,328,884,978,658,184,991,196,545,216,543,548,997,605,660,839,991,786,853,736,853,121,450,513,379,745,685,967,273,963,783,482,893,751
2025/8/22,748,303,150,625,367,925,392,419,954,668,713,678,949,270,658,515,672,596,348,405,280,893,123,173,477,679,541,635,468,281,401,319,267,209,398,803,945,979,515,528,171,554,867,202,511,543,353,816,951,694
2025/8/23,417,317,784,899,848,860,936,902,955,642,826,174,918,827,778,598,640,255,625,706,675,843,727,726,489,606,495,610,745,810,137,540,656,814,562,473,992,549,985,734,620,125,555,325,196,216,821,972,973,659
2025/8/24,776,573,816,790,920,130,652,362,272,695,761,656,240,269,551,733,482,572,561,820,345,184,762,290,756,645,827,557,657,913,235,752,551,747,824,179,486,651,986,829,465,589,547,674,782,169,287,298,703,889
2025/8/25,324,531,871,736,554,634,417,696,566,763,182,871,182,863,388,749,118,800,112,324,343,588,949,781,150,805,680,646,149,866,921,634,204,103,919,705,325,649,150,988,193,107,887,393,253,997,290,431,475,478
2025/8/26,918,440,545,521,784,525,601,757,680,647,721,765,276,971,240,214,782,371,483,447,605,164,149,918,341,424,183,635,777,733,520,694,249,766,200,837,580,147,180,160,472,615,939,995,794,169,488,264,823,859
2025/8/27,333,650,548,964,500,493,927,934,515,824,998,254,297,421,183,773,549,986,655,420,521,745,601,815,393,154,714,639,205,642,318,328,245,783,155,164,853,794,135,711,438,632,940,405,341,721,314,341,686,994
2025/8/28,783,711,980,122,575,771,480,653,548,507,525,529,723,666,793,812,173,101,986,658,419,762,817,155,662,877,650,583,315,414,447,443,815,969,431,187,507,686,166,406,536,248,170,353,403,526,474,999,989,276
2025/8/29,763,388,587,674,801,462,722,473,186,975,374,462,667,555,490,333,672,857,498,280,186,726,597,819,365,141,112,115,757,896,907,179,973,146,935,187,556,820,740,453,435,587,689,279,384,743,185,741,301,151
2025/8/30,926,353,899,242,733,536,113,736,200,717,812,547,790,702,690,639,764,821,118,717,316,163,434,652,219,396,908,670,524,717,645,452,398,193,850,812,752,282,981,492,763,124,895,139,126,667,573,326,544,178
2025/8/31,473,833,133,764,657,769,603,266,107,513,383,333,520,889,314,110,375,610,674,810,589,442,178,131,811,330,924,342,171,835,963,495,266,659,492,825,997,534,766,303,591,754,229,875,501,542,717,733,396,484
2025/9/1,771,456,447,244,675,650,330,852,944,441,272,662,500,712,625,305,147,385,590,485,618,974,681,626,347,552,792,306,941,372,178,389,812,851,842,303,810,206,856,357,967,856,988,800,459,700,943,655,407,933
2025/9/2,707,122,194,324,229,181,183,558,299,319,426,917,797,254,314,778,310,970,850,717,377,451,126,673,169,989,592,370,884,331,847,554,745,958,973,481,723,287,722,585,139,654,142,619,159,236,907,550,822,675
2025/9/3,571,861,171,602,921,455,229,379,604,262,817,361,570,988,502,346,954,112,518,891,948,257,370,766,952,493,367,860,858,519,994,942,822,312,480,700,738,875,779,616,458,524,619,715,301,603,630,295,592,107
2025/9/4,332,621,650,920,462,357,842,799,186,319,162,926,317,448,227,658,750,707,436,871,821,688,661,383,156,621,624,878,545,867,372,770,147,535,191,575,120,185,580,545,673,392,112,836,861,230,146,969,437,313
2025/9/5,791,857,253,715,804,817,937,401,142,369,172,224,927,550,921,857,721,597,518,207,268,590,903,820,481,457,219,804,285,541,260,227,737,951,890,672,758,935,567,808,353,284,824,645,973,317,164,303,745,124
2025/9/6,212,936,349,203,918,688,244,630,484,731,862,344,828,975,576,226,794,832,711,630,429,757,346,931,138,543,452,946,169,595,786,801,338,607,546,882,700,942,241,279,680,653,722,335,680,787,574,557,941,549
2025/9/7,929,199,773,138,792,623,990,679,720,947,735,641,731,752,859,246,639,337,774,509,749,954,875,593,900,227,156,829,249,123,977,642,106,935,208,705,914,555,455,441,497,530,902,562,469,270,245,929,165,867
2025/9/8,596,901,537,297,391,394,956,317,534,499,474,584,274,272,503,217,808,193,221,395,540,562,690,286,542,790,139,214,345,208,407,997,563,750,416,918,302,236,808,232,856,703,634,327,632,574,897,356,891,854
2025/9/9,541,279,217,745,470,323,127,201,507,281,732,221,122,109,128,481,290,437,531,917,490,324,486,597,117,504,985,679,873,802,473,458,552,304,267,638,516,957,570,542,976,416,401,799,251,711,481,628,521,556
2025/9/10,663,322,870,678,893,624,165,653,582,717,607,224,824,839,891,511,414,880,143,270,595,412,801,541,831,491,435,398,637,601,832,626,883,480,911,313,515,997,720,935,269,497,865,924,201,228,165,371,639,560
2025/9/11,367,861,990,490,128,145,262,387,763,828,886,648,334,364,437,763,1000,270,971,430,480,714,658,229,924,292,739,936,751,958,108,412,996,172,534,173,547,435,987,352,789,423,626,582,998,156,616,108,728,297
2025/9/12,609,758,405,278,248,766,328,266,116,304,497,269,112,537,930,683,662,705,416,592,405,958,460,738,855,703,272,582,198,124,900,174,470,615,541,160,611,706,690,364,800,664,741,529,706,280,192,860,592,193
2025/9/13,906,541,367,653,878,212,360,720,744,681,219,223,200,859,813,462,760,760,480,294,841,912,965,391,451,980,646,496,377,286,543,645,648,175,317,797,184,937,772,192,610,695,672,121,545,345,964,300,981,818
2025/9/14,485,707,153,547,395,332,548,135,247,655,536,968,635,346,460,608,879,723,244,111,919,565,587,213,915,842,358,493,662,387,212,970,586,940,321,642,266,856,538,761,359,645,214,442,972,243,525,158,416,536
2025/9/15,486,868,335,599,110,116,523,843,376,940,928,134,975,766,668,236,661,666,426,294,772,187,451,298,397,177,987,174,762,727,304,295,310,176,772,318,483,568,630,510,683,175,559,139,328,150,567,986,936,626
2025/9/16,212,424,488,114,611,459,559,840,331,912,775,186,622,645,491,274,999,948,462,589,612,982,800,112,382,184,616,581,554,437,504,942,264,915,627,111,567,701,226,237,558,964,931,272,224,467,193,492,725,789
2025/9/17,712,615,833,722,775,322,775,452,925,327,564,745,884,598,317,388,857,566,149,894,847,402,355,370,685,129,829,202,203,977,797,128,224,867,377,913,171,670,304,307,628,808,604,538,869,558,717,751,174,477
2025/9/18,724,115,862,768,212,965,400,775,465,795,385,807,551,228,673,580,212,727,164,980,287,779,321,700,209,824,622,396,700,136,952,805,436,509,668,514,909,502,128,736,981,585,407,278,933,317,232,218,813,686
2025/9/19,180,891,924,388,286,799,402,998,327,718,364,885,530,771,768,118,269,242,454,281,615,534,983,314,279,148,993,277,752,893,296,115,291,713,673,131,620,639,544,845,440,897,424,697,980,715,533,652,158,203
2025/9/20,798,435,500,577,906,547,386,172,750,695,419,300,892,700,301,294,567,300,899,916,743,781,852,543,643,876,938,314,824,236,877,522,829,205,974,259,892,171,818,672,156,187,678,232,335,994,440,498,485,905
2025/9/21,212,858,723,330,843,955,494,747,535,949,772,468,705,704,116,429,777,279,263,755,526,234,880,889,845,244,216,414,332,607,873,688,313,944,565,336,572,881,563,406,317,846,860,450,261,666,413,933,114,779
2025/9/22,101,357,866,519,326,464,109,452,498,349,475,896,812,426,421,274,113,813,240,997,601,149,100,611,893,168,283,138,493,326,859,904,673,650,938,838,357,123,379,365,718,331,274,624,653,356,690,430,330,726
2025/9/23,741,596,402,256,409,774,806,990,310,974,919,176,632,852,617,548,814,463,925,415,829,531,645,546,124,157,973,358,600,419,214,692,427,575,853,280,374,723,250,745,915,106,950,639,887,957,311,366,716,138
2025/9/24,319,995,306,649,197,425,729,169,490,540,188,158,951,934,669,453,387,578,227,793,359,439,545,814,942,796,215,815,794,939,220,504,480,925,701,928,849,911,339,417,784,903,613,605,452,255,619,619,776,557
2025/9/25,665,259,328,540,154,566,369,524,598,632,753,530,822,503,424,598,288,664,497,129,612,446,178,173,890,673,261,106,350,281,752,735,772,374,683,657,119,584,365,212,830,649,271,183,167,664,258,794,298,463
2025/9/26,954,574,952,196,722,513,691,807,639,295,302,737,751,728,511,240,254,570,979,695,170,745,335,636,837,578,678,148,620,973,164,630,677,187,937,440,589,155,793,1000,563,151,601,563,272,541,367,579,453,884
2025/9/27,835,951,677,510,763,554,704,880,662,789,920,599,392,705,417,857,666,483,562,777,577,446,433,200,156,919,811,637,178,185,375,713,897,822,129,557,844,322,204,477,346,754,433,929,942,940,760,233,134,234
2025/9/28,324,763,174,388,857,685,877,660,590,618,838,208,909,774,780,996,793,791,850,895,277,748,988,275,279,544,642,260,151,566,924,176,338,980,458,179,589,731,532,553,829,495,383,960,736,798,961,792,261,473
2025/9/29,484,789,534,353,505,332,943,927,541,169,433,835,200,710,181,192,821,516,935,892,556,344,448,526,331,395,686,968,997,152,338,328,631,176,387,746,832,278,596,290,472,320,574,442,781,975,702,454,856,331
2025/9/30,502,774,202,295,168,323,961,741,360,738,321,377,601,724,573,338,987,924,907,195,288,208,197,216,993,777,336,275,880,959,401,396,799,176,185,871,425,899,539,990,516,527,153,379,658,761,847,683,898,138
2025/10/1,737,479,521,697,411,930,460,616,872,498,140,167,403,458,567,304,570,407,286,480,390,924,181,265,442,270,938,690,325,966,491,609,181,541,333,919,628,533,847,539,130,851,557,965,360,875,573,597,994,902
2025/10/2,229,644,803,933,388,511,356,527,449,771,807,168,970,702,524,659,174,748,819,877,619,898,601,140,576,674,165,101,150,334,621,814,462,639,846,858,991,549,784,286,467,242,678,362,316,861,900,724,570,918
2025/10/3,152,790,863,621,861,671,232,638,451,859,167,264,639,957,830,532,376,793,831,543,864,632,576,528,898,246,169,994,285,878,468,672,604,344,412,572,188,892,257,930,658,960,519,265,916,909,509,206,630,146
2025/10/4,783,526,837,616,647,434,375,259,619,302,875,588,652,817,788,344,744,466,289,397,391,189,803,443,675,583,908,554,133,898,332,637,301,677,464,770,585,983,271,466,745,462,713,392,223,822,573,389,891,135
2025/10/5,829,712,905,734,850,321,875,248,419,247,613,404,454,116,303,931,442,100,487,907,855,395,864,523,554,405,546,743,902,532,294,682,603,877,876,814,807,591,593,188,207,481,731,608,904,124,455,924,951,931
2025/10/6,771,367,405,941,247,136,782,875,237,571,972,773,402,373,682,416,524,143,528,836,734,211,649,465,331,772,515,375,841,595,111,714,743,481,898,211,449,288,410,286,683,660,802,679,261,905,779,728,522,194
2025/10/7,809,934,197,964,566,377,612,329,649,754,736,464,595,784,486,394,670,838,957,944,910,912,113,219,388,752,631,597,230,199,788,425,136,816,938,391,183,677,502,918,938,376,508,325,300,952,292,731,447,460
2025/10/8,515,676,949,217,838,295,412,811,722,298,721,953,757,215,877,739,610,942,383,460,382,688,491,708,312,945,540,728,731,698,276,462,743,669,368,921,486,909,768,231,517,370,403,269,553,763,798,246,793,624
2025/10/9,346,516,897,905,343,963,675,661,467,525,697,920,867,960,197,955,956,197,963,473,643,276,446,756,357,708,837,775,542,502,316,768,688,812,797,730,186,519,869,971,719,113,658,697,501,635,370,426,246,245
2025/10/10,935,267,434,258,590,583,985,166,319,765,731,478,326,792,444,381,281,819,336,653,945,442,409,827,629,545,563,899,937,495,110,974,700,836,230,482,406,348,775,734,920,397,321,744,561,863,213,514,473,467
2025/10/11,538,941,958,914,948,341,383,911,436,591,226,442,335,190,902,116,557,364,293,402,476,759,485,328,786,320,495,127,858,626,545,458,501,241,902,116,949,687,758,659,497,563,632,547,374,159,996,309,787,164
2025/10/12,302,142,534,327,606,423,220,480,322,987,354,998,972,181,307,170,950,899,386,520,757,200,308,924,328,654,810,432,531,514,729,805,864,992,888,592,253,748,765,899,371,626,257,789,305,566,622,395,774,327
2025/10/13,283,655,546,976,464,830,206,157,747,995,794,653,991,423,613,368,932,882,870,345,255,857,456,229,325,903,650,100,803,712,263,886,955,467,931,430,539,263,562,475,782,333,447,954,139,533,154,497,515,853
2025/10/14,222,384,407,315,581,291,786,358,867,241,115,453,554,213,735,424,163,239,857,819,607,728,700,451,695,477,756,287,596,776,650,423,805,183,450,838,839,844,466,790,215,674,258,601,372,978,869,202,786,619
2025/10/15,500,496,348,795,300,116,303,441,459,412,576,515,112,868,891,893,938,580,235,336,512,703,667,988,902,719,656,155,502,562,152,797,275,242,279,972,363,354,649,791,940,807,988,863,799,165,164,735,593,915
2025/10/16,866,111,265,114,253,623,264,937,428,264,161,208,309,157,685,404,359,336,891,633,627,500,193,417,534,365,494,646,422,640,317,425,644,451,901,585,834,575,742,198,685,126,983,626,966,664,783,856,658,952
2025/10/17,393,706,580,256,549,500,404,229,562,413,980,662,840,253,265,550,292,171,882,284,454,127,192,748,981,194,425,211,309,725,817,724,669,644,579,505,520,905,969,941,355,570,334,834,192,205,371,607,355,654
2025/10/18,379,401,434,747,600,985,596,826,660,120,531,861,496,976,121,106,754,766,270,567,658,636,439,935,857,361,992,897,714,718,923,924,566,251,988,216,592,516,354,133,180,192,761,478,141,195,601,990,785,855
2025/10/19,936,997,641,360,172,804,731,271,903,181,769,596,199,503,253,413,715,289,258,853,862,157,696,436,501,924,190,409,428,463,459,264,300,257,262,654,732,269,307,681,879,716,504,300,564,787,761,967,202,280
2025/10/20,983,352,858,256,812,121,655,869,481,680,367,440,130,727,538,916,505,367,300,462,286,597,544,372,721,996,849,135,471,229,484,672,639,545,882,979,510,416,549,270,227,408,356,718,478,650,461,308,220,600
2025/10/21,709,598,205,146,395,573,923,713,935,230,134,482,997,954,394,202,825,420,586,382,130,396,856,216,865,170,169,538,559,183,155,703,646,752,987,214,272,273,194,465,937,151,776,349,206,267,245,527,518,696
2025/10/22,297,853,662,423,116,219,255,308,689,698,878,632,627,365,318,920,853,206,656,652,359,233,121,917,187,318,265,828,232,370,217,897,736,862,195,894,103,569,959,883,334,418,688,508,427,141,308,492,449,254
2025/10/23,610,134,180,943,740,309,466,902,716,829,675,399,748,414,768,292,820,331,875,435,520,430,390,467,683,632,741,691,934,343,999,554,493,402,873,648,953,444,938,158,652,280,696,700,164,978,385,925,756,886
2025/10/24,851,826,232,784,316,405,818,453,268,404,593,238,428,814,594,852,192,141,682,261,628,348,584,193,992,191,313,925,750,487,352,252,932,723,609,913,739,544,577,280,280,668,657,224,464,203,109,208,141,634
2025/10/25,243,948,896,229,160,369,719,570,316,470,661,458,265,140,329,673,529,801,603,259,650,649,883,267,641,226,951,694,220,313,897,836,141,755,464,724,571,117,782,118,256,219,146,212,920,944,838,988,466,726
2025/10/26,708,189,999,510,715,803,350,897,477,956,568,935,558,204,119,628,753,982,975,573,403,174,405,814,783,179,700,676,705,917,879,226,696,549,452,646,209,169,861,325,553,919,312,236,583,303,285,447,128,917
2025/10/27,300,875,237,194,141,786,981,215,218,952,866,598,921,1000,652,270,533,238,470,700,138,753,733,440,408,923,434,424,551,265,902,292,492,820,899,743,966,437,289,572,670,974,578,858,746,619,673,149,991,534
2025/10/28,223,704,283,726,124,384,433,363,289,483,760,484,199,989,247,636,503,714,202,421,588,933,227,760,442,337,863,739,228,890,944,726,799,323,535,435,136,727,810,194,956,142,586,595,1000,381,696,204,884,910
2025/10/29,286,701,500,854,138,815,741,761,866,544,424,703,720,292,207,350,533,782,224,111,743,267,724,794,535,471,468,406,190,158,279,873,722,142,182,435,682,691,583,980,860,746,670,777,123,142,563,519,113,198
2025/10/30,425,517,429,391,902,775,610,911,469,524,403,379,954,500,502,864,211,962,412,523,641,870,372,251,276,585,960,633,703,701,514,629,882,363,324,988,900,626,832,396,803,984,665,249,639,209,233,472,917,715
2025/10/31,563,214,884,893,230,862,392,541,877,260,375,736,272,377,695,486,474,372,897,172,769,602,947,685,238,793,683,827,674,982,969,109,540,855,511,839,130,787,635,692,123,359,441,974,161,309,934,126,924,471
2025/11/1,448,716,607,910,597,326,119,647,248,277,968,582,848,453,582,306,158,580,557,687,377,984,541,976,293,124,776,718,128,942,334,191,936,102,834,246,480,555,855,274,572,296,623,442,590,848,908,899,584,662
2025/11/2,870,295,951,382,328,480,381,552,775,728,783,210,261,848,466,640,142,515,329,957,302,454,602,373,285,255,148,208,821,603,954,238,716,736,217,221,367,368,522,321,499,744,803,679,372,967,270,868,288,461
2025/11/3,759,925,168,168,207,559,896,944,751,807,300,965,827,832,933,728,306,605,757,300,165,324,229,653,317,616,151,471,623,805,807,580,605,367,581,180,110,730,935,714,691,354,602,832,328,930,312,372,971,211
2025/11/4,863,600,645,759,271,106,100,576,958,994,544,238,875,679,513,515,879,832,981,621,207,763,231,595,263,731,388,456,432,222,919,548,419,695,291,784,443,910,739,153,233,831,105,882,119,148,629,748,394,552
2025/11/5,502,725,873,110,534,128,218,386,587,589,423,534,362,808,408,893,395,824,296,963,367,630,696,823,260,888,889,280,396,747,179,432,652,115,690,765,939,287,704,794,520,435,920,420,102,214,925,439,282,855
2025/11/6,445,592,152,353,577,132,134,402,869,426,134,608,903,355,901,479,217,952,984,604,321,245,581,200,624,629,725,455,229,512,746,968,314,433,689,761,643,668,911,962,312,652,243,921,520,254,601,400,963,268
2025/11/7,610,174,549,941,201,745,297,410,473,697,581,372,373,750,934,243,631,523,832,837,903,340,961,656,907,809,338,775,392,238,121,439,170,563,758,474,668,810,232,502,999,601,957,960,829,748,671,579,647,683
2025/11/8,246,512,304,971,965,978,584,307,880,388,827,198,102,923,233,124,321,506,522,787,629,983,489,181,700,156,232,167,272,328,576,151,667,158,206,669,265,628,154,417,581,999,360,631,406,602,699,933,981,238
2025/11/9,247,475,225,649,623,178,856,717,792,692,579,863,127,760,818,921,265,667,671,887,189,992,692,628,935,704,885,391,819,373,942,806,335,276,481,162,799,533,609,966,447,354,684,388,531,778,126,643,136,947
2025/11/10,963,519,846,233,374,558,158,545,259,763,164,949,425,198,382,767,742,489,709,138,792,443,424,172,141,118,265,791,123,538,539,565,380,162,882,603,441,387,769,448,265,613,785,588,235,932,167,656,113,330
2025/11/11,810,828,142,811,712,669,936,769,450,672,107,203,248,687,877,172,255,441,270,159,354,848,168,113,309,483,473,280,198,661,836,817,716,660,489,767,581,666,640,542,447,806,331,591,614,810,889,364,734,338
2025/11/12,919,376,851,122,143,637,260,732,387,672,400,313,639,381,172,731,283,713,481,677,554,134,759,532,840,964,472,565,505,217,669,898,986,406,343,548,118,598,509,932,948,341,369,711,292,170,507,641,694,352
2025/11/13,588,860,982,914,916,581,790,154,387,453,442,860,587,982,580,923,189,592,272,420,352,801,547,256,961,292,904,533,455,813,192,574,261,345,684,527,727,540,310,679,497,248,546,351,684,618,651,695,258,535
2025/11/14,739,775,210,445,116,529,305,111,991,127,530,763,921,502,451,932,193,291,762,534,356,100,627,834,374,336,577,563,238,582,291,500,290,388,968,967,283,880,765,639,682,809,973,176,514,811,208,265,593,660
2025/11/15,650,493,860,401,429,837,111,756,325,142,523,861,537,208,659,192,112,598,552,735,482,252,918,231,378,486,854,780,602,494,202,538,108,897,567,526,881,402,392,885,825,398,321,746,972,435,173,415,428,521
2025/11/16,437,968,762,462,668,384,589,499,622,780,431,886,164,799,425,604,933,921,449,775,541,528,716,437,350,525,578,633,925,802,495,977,159,431,965,520,644,186,833,381,534,856,151,491,217,166,677,100,713,402
2025/11/17,971,556,282,495,922,615,375,747,621,522,537,264,455,298,844,697,904,811,733,507,957,607,264,503,409,376,931,165,273,975,106,704,992,626,637,421,109,929,214,459,676,949,215,511,765,592,779,860,948,171
2025/11/18,740,291,947,317,596,198,792,614,882,697,687,952,632,402,542,435,841,332,593,485,698,225,587,475,819,326,749,120,128,559,739,920,916,949,309,779,691,537,769,922,320,719,637,272,308,749,361,360,182,362
2025/11/19,878,838,194,240,914,496,341,755,372,276,273,619,351,426,199,524,933,326,719,770,189,590,812,987,932,844,690,711,595,934,666,756,324,354,703,265,291,640,358,730,407,552,664,974,133,853,467,162,655,933
2025/11/20,572,788,473,715,111,588,315,641,501,628,658,383,334,253,158,598,903,470,103,668,848,581,808,658,239,651,781,483,754,792,330,697,918,703,736,696,419,121,862,991,897,492,976,300,748,312,885,582,679,321
2025/11/21,250,198,619,309,417,138,350,336,282,709,626,616,326,651,607,463,537,238,192,177,489,444,525,206,891,422,734,911,927,177,973,608,799,609,172,748,801,932,221,745,796,311,640,316,417,280,948,775,659,176
2025/11/22,514,647,999,722,691,370,910,378,764,593,972,756,624,744,357,729,637,955,105,293,681,837,796,719,645,252,787,714,450,511,673,252,681,890,734,560,679,896,398,740,818,767,118,475,219,865,969,420,668,161
2025/11/23,397,195,459,715,315,986,225,447,587,297,758,712,412,504,512,844,686,916,387,384,143,320,933,364,920,738,399,658,653,174,339,613,904,817,408,558,574,659,874,107,565,637,914,819,726,712,336,945,686,570
2025/11/24,710,763,999,927,438,896,316,726,926,709,125,263,148,561,551,298,975,248,717,626,811,822,364,304,629,336,181,138,398,394,189,602,386,705,795,288,959,616,480,662,198,693,491,685,624,962,826,300,121,256
2025/11/25,362,762,795,782,875,256,405,203,945,676,919,985,217,231,164,817,910,214,245,623,763,124,974,178,156,154,186,384,819,892,331,953,268,836,798,563,736,861,660,590,341,694,890,110,680,698,465,321,231,905
2025/11/26,863,289,380,559,760,174,896,729,223,941,704,758,153,890,694,512,249,549,882,712,697,627,711,254,211,535,324,921,941,120,556,1000,161,912,809,478,526,774,988,440,257,230,728,898,944,796,385,251,564,224
2025/11/27,243,835,294,455,180,983,284,616,725,952,505,163,749,973,253,438,759,162,523,255,118,281,441,882,104,783,115,701,291,270,332,871,448,929,689,101,947,602,940,571,709,428,717,867,868,702,477,743,555,840
2025/11/28,445,136,963,423,826,899,138,971,889,616,331,190,664,183,365,758,107,203,989,439,200,598,931,346,509,208,921,696,771,114,453,775,541,562,959,717,158,813,600,892,653,711,518,111,188,347,760,725,401,951
2025/11/29,723,879,294,232,584,229,322,347,513,613,632,216,143,498,920,528,128,950,707,224,706,940,825,630,513,965,457,884,163,310,432,105,113,298,285,463,535,566,396,786,750,355,408,991,611,313,929,561,366,260
2025/11/30,671,468,766,987,473,786,283,463,824,121,918,965,914,853,178,882,395,970,556,970,865,740,377,957,281,283,262,435,854,659,538,599,263,370,955,171,196,200,461,794,894,578,838,689,146,458,475,316,898,640
2025/12/1,980,794,192,904,809,183,594,420,271,211,649,366,152,727,414,998,820,767,840,379,456,141,773,637,112,467,709,287,869,185,474,760,519,845,352,526,595,682,688,803,326,660,963,534,871,348,718,295,494,725
2025/12/2,101,624,771,939,299,121,526,732,387,156,887,921,685,208,761,238,739,372,301,721,641,580,538,828,438,297,767,770,763,248,391,816,856,657,112,737,886,774,562,348,522,162,285,783,839,737,752,892,219,690
2025/12/3,996,378,160,226,636,558,277,385,534,165,604,784,657,320,659,792,439,105,311,945,860,947,256,253,896,470,613,342,314,799,444,217,946,163,398,269,760,784,537,334,171,410,360,707,791,980,175,301,345,634
2025/12/4,403,316,733,205,565,638,527,248,785,941,768,658,624,652,990,641,727,246,105,968,132,847,521,253,358,472,449,172,933,471,763,584,619,329,175,304,377,240,226,182,342,506,627,917,621,615,108,746,667,205
2025/12/5,353,966,150,703,188,806,393,183,212,197,278,239,776,467,347,156,538,283,723,757,328,971,350,785,189,596,780,578,265,579,527,700,765,348,150,924,364,237,296,192,629,901,372,472,383,187,295,333,137,230
2025/12/6,751,972,502,898,367,948,951,505,987,243,231,345,201,246,889,331,243,127,475,827,623,538,977,191,715,698,563,660,642,917,756,765,647,345,886,436,108,677,320,984,688,204,259,372,476,762,906,240,344,456
2025/12/7,552,897,888,477,754,481,250,555,221,979,922,760,891,211,967,757,929,649,990,773,729,501,708,532,990,300,926,200,982,250,229,778,659,686,248,571,556,809,190,493,144,716,969,996,737,275,891,807,120,784
2025/12/8,136,372,104,150,670,847,483,842,643,534,554,857,869,714,709,534,846,218,546,227,961,645,629,437,797,948,936,613,331,240,240,567,696,256,830,294,894,939,510,923,571,936,861,790,233,822,992,597,209,875
2025/12/9,259,980,565,128,588,539,737,899,321,736,447,494,948,657,513,483,618,392,934,413,254,444,426,579,349,608,474,855,893,168,514,260,127,834,221,769,372,327,107,367,470,114,323,675,766,525,729,654,705,953
2025/12/10,108,161,703,561,976,703,912,260,730,778,639,586,967,593,124,659,144,470,205,431,522,992,994,792,354,421,191,275,640,359,192,369,807,801,310,752,912,380,643,516,954,786,355,608,347,870,389,156,493,984
2025/12/11,332,695,781,395,637,120,407,883,138,185,871,575,497,604,383,293,338,343,750,249,345,144,196,230,687,374,280,337,294,945,725,155,545,663,379,374,107,783,567,731,751,358,279,231,751,702,160,603,509,896
2025/12/12,198,979,928,396,146,402,435,559,596,687,505,616,237,574,548,835,254,679,910,553,504,745,612,549,997,310,842,158,605,620,383,327,307,187,637,106,307,927,419,682,788,822,119,954,417,870,488,241,747,101
2025/12/13,758,828,633,825,387,968,845,649,879,443,175,283,774,935,980,747,280,825,500,135,943,120,315,909,207,603,400,964,433,732,754,948,569,412,784,665,736,530,493,628,833,511,723,883,535,802,946,821,842,332
2025/12/14,915,441,504,878,877,183,991,599,332,393,678,119,486,989,400,633,314,317,195,784,858,733,231,886,767,217,759,198,867,470,322,248,815,950,255,715,222,139,368,352,191,358,731,418,275,180,917,683,107,468
2025/12/15,307,496,937,506,115,873,474,837,629,670,953,657,210,370,167,617,187,276,487,519,640,169,359,372,693,802,891,970,892,518,843,145,918,165,337,953,132,618,290,221,121,713,805,943,934,237,999,835,543,350
2025/12/16,230,798,612,868,810,758,107,608,248,749,591,623,713,520,106,815,355,398,551,121,260,963,224,687,688,653,288,594,403,200,562,243,203,761,475,949,612,785,960,991,271,359,567,952,785,532,662,638,427,932
2025/12/17,503,118,744,913,500,552,440,753,496,710,293,681,116,996,916,850,610,775,948,305,846,972,181,276,584,141,958,613,932,760,644,849,841,119,181,672,303,762,774,109,703,955,722,720,685,569,663,739,986,207
2025/12/18,251,276,332,712,893,486,228,903,760,803,261,628,879,806,236,284,172,157,908,738,801,147,382,795,357,414,961,854,536,757,375,883,525,132,591,698,617,310,160,898,291,770,309,884,450,449,733,205,389,375
2025/12/19,153,711,623,504,185,606,875,580,737,342,446,982,281,466,263,971,278,368,1000,947,216,590,782,930,738,887,413,396,422,964,781,731,200,939,455,869,908,401,537,415,176,144,612,267,242,225,778,264,862,279
2025/12/20,219,495,445,445,349,356,768,762,401,930,460,246,983,379,182,391,311,407,515,455,370,650,158,742,381,428,592,310,601,342,239,439,640,892,372,277,616,185,363,937,380,912,157,496,903,980,107,314,610,824
2025/12/21,772,544,145,721,490,669,451,213,459,660,868,765,635,382,996,434,904,669,825,539,869,386,643,974,187,116,227,222,957,852,456,512,738,657,679,341,542,496,896,372,463,862,192,279,497,967,468,170,460,392
2025/12/22,727,332,645,519,881,991,457,848,337,131,683,403,640,139,749,831,333,387,603,828,791,109,260,148,303,382,618,328,492,611,812,831,949,172,143,302,691,352,194,405,278,430,320,157,723,408,144,815,698,683
2025/12/23,686,175,177,281,434,626,616,677,746,490,186,719,270,288,519,215,564,204,553,195,586,641,383,666,115,357,525,693,905,948,122,619,621,965,672,642,885,632,652,904,337,264,822,579,817,954,443,764,815,894
2025/12/24,724,364,829,924,728,261,594,460,762,376,361,847,508,263,172,924,850,327,390,263,984,855,205,765,250,674,658,755,698,654,835,443,205,924,222,900,788,868,569,309,234,292,331,690,742,329,856,678,318,274
2025/12/25,519,554,912,100,618,262,185,440,335,631,313,919,839,635,336,148,322,346,633,247,271,373,204,454,353,673,664,487,248,194,979,486,778,442,448,561,949,990,760,829,976,620,873,559,468,559,895,189,505,222
2025/12/26,521,895,172,930,236,931,274,869,835,253,764,963,477,635,145,784,730,799,292,629,373,699,538,811,287,711,286,239,860,325,369,572,868,232,807,179,932,480,815,852,379,500,463,160,600,444,474,871,852,326
